filename;Attributes;AttributesPublic;AttributesStatic;Classes;Comments/Loc;EmptyCatches;EmptyOrNoCatch;F-Args;F-GodFnRloc;F-Mccc;F-Mccc-1/F-RLoc;F-Nl;F-RLoc;F-RLoc10+;F-RLoc100+;F-RLoc20+;F-RLoc200+;F-RLoc50+;FriendClasses;Functions;FunctionsUncommented;Hacks;IsGenerated;Lines140+;Loc;Loc Comment;Loc Outcommented;Mccc;Nl;Nl0+;Nl1+;Nl1+%;Nl1+Mean;Nl10+;Nl10+%;Nl10+Mean;Nl2+;Nl2+%;Nl2+Mean;Nl3+;Nl3+%;Nl3+Mean;Nl4+;Nl4+%;Nl4+Mean;Nl5+;Nl5+%;Nl5+Mean;Nl6+;Nl6+%;Nl6+Mean;Nl7+;Nl7+%;Nl7+Mean;Nl8+;Nl8+%;Nl8+Mean;Nl9+;Nl9+%;Nl9+Mean;NlMean;RLoc;Templates;Todos;Try-Nl;Trys;Trys w/o catch;Uncommented Complexity
source/cpplocate/source/cpplocate.cpp;0;0;0;0;0.135678392;0;0;3;;10;0.4;2;40;5;0;3;0;0;0;9;2;0;;0;398;54;0;33;2;125;60;0.48;1.2333333333;0;0;0;14;0.112;2;0;0;0;0;0;0;0;0;0;0;0;0;0;0;0;0;0;0;0;0;0;0.592;138;0;0;0;0;0;0
source/cpplocate/source/ModuleInfo.cpp;0;0;0;0;0.0062111801;0;0;2;;4;0.5;2;18;1;0;0;0;0;0;18;0;0;;0;161;1;0;12;2;42;12;0.2857142857;1.0833333333;0;0;0;1;0.0238095238;2;0;0;0;0;0;0;0;0;0;0;0;0;0;0;0;0;0;0;0;0;0;0.3095238095;63;0;0;0;0;0;0
source/cpplocate/source/utils.cpp;0;0;0;0;0.0368852459;0;0;3;;5;0.5714285714;2;20;2;0;1;0;0;0;15;0;0;;0;244;9;0;17;2;76;28;0.3684210526;1.3928571429;0;0;0;11;0.1447368421;2;0;0;0;0;0;0;0;0;0;0;0;0;0;0;0;0;0;0;0;0;0;0.5131578947;98;0;0;0;0;0;0
source/cpplocate/include/cpplocate/ModuleInfo.h;2;1;0;1;0.7156398104;0;0;;;;;;;0;0;0;0;0;0;0;0;0;;0;211;151;0;5;;0;0;0;0;0;0;0;0;0;0;0;0;0;0;0;0;0;0;0;0;0;0;0;0;0;0;0;0;0;0;0;0;23;0;0;0;0;0;0
source/cpplocate/include/cpplocate/utils.h;0;0;0;0;0.768558952;0;0;;;;;;;0;0;0;0;0;0;0;0;0;;0;229;176;0;3;;0;0;0;0;0;0;0;0;0;0;0;0;0;0;0;0;0;0;0;0;0;0;0;0;0;0;0;0;0;0;0;0;18;0;0;0;0;0;0
source/cpplocate/include/cpplocate/cpplocate.h;0;0;0;0;0.7786259542;0;0;;;;;;;0;0;0;0;0;0;0;0;0;;0;131;102;0;1;;0;0;0;0;0;0;0;0;0;0;0;0;0;0;0;0;0;0;0;0;0;0;0;0;0;0;0;0;0;0;0;0;8;0;0;0;0;0;0
source/tests/googletest/travis.sh;;;;;;;;;;;;;;;;;;;;;;0;;0;15;1;0;3;0;13;0;0;0;0;0;0;0;0;0;0;0;0;0;0;0;0;0;0;0;0;0;0;0;0;0;0;0;0;0;0;0;13;;0;;;;2
source/tests/googletest/googletest/codegear/gtest_link.cc;0;0;0;0;0.925;0;0;;;;;;;0;0;0;0;0;0;0;0;0;;0;40;37;0;1;;0;0;0;0;0;0;0;0;0;0;0;0;0;0;0;0;0;0;0;0;0;0;0;0;0;0;0;0;0;0;0;0;0;0;0;0;0;0;0
source/tests/googletest/googletest/codegear/gtest_all.cc;0;0;0;0;0.9473684211;0;0;;;;;;;0;0;0;0;0;0;0;0;0;;0;38;36;0;1;;0;0;0;0;0;0;0;0;0;0;0;0;0;0;0;0;0;0;0;0;0;0;0;0;0;0;0;0;0;0;0;0;0;0;1;0;0;0;0
source/tests/googletest/googletest/test/gtest_test_utils.py;;;;1;;;;;;;;;;;;;;;;11;;0;;0;320;123;0;28;3;133;72;0.5413533835;1.5555555556;0;0;0;31;0.2330827068;2.2903225807;9;0.0676691729;3;0;0;0;0;0;0;0;0;0;0;0;0;0;0;0;0;0;0;0.8421052632;133;;1;;;;0
source/tests/googletest/googletest/test/gtest_uninitialized_test_.cc;0;0;0;0;0.7906976744;0;0;2;;1;0;0;1;0;0;0;0;0;0;2;0;0;;0;43;34;0;1;0;1;0;0;0;0;0;0;0;0;0;0;0;0;0;0;0;0;0;0;0;0;0;0;0;0;0;0;0;0;0;0;0;3;0;0;0;0;0;0
source/tests/googletest/googletest/test/gtest_pred_impl_unittest.cc;25;0;25;16;0.2134322208;0;0;10;;5;1;1;9;0;0;0;0;0;0;205;0;0;1;0;2427;518;0;27;1;1024;410;0.400390625;1;0;0;0;0;0;0;0;0;0;0;0;0;0;0;0;0;0;0;0;0;0;0;0;0;0;0;0;0.400390625;1398;20;0;0;0;0;0
source/tests/googletest/googletest/test/gtest_stress_test.cc;0;0;0;0;0.296875;0;0;3;;5;0.25;1;19;2;0;0;0;0;0;18;0;0;;0;256;76;0;7;1;79;21;0.2658227848;1;0;0;0;0;0;0;0;0;0;0;0;0;0;0;0;0;0;0;0;0;0;0;0;0;0;0;0;0.2658227848;107;0;0;0;0;0;0
source/tests/googletest/googletest/test/gtest_shuffle_test_.cc;0;0;0;2;0.3883495146;0;0;2;;1;0;0;5;0;0;0;0;0;0;22;0;0;;0;103;40;0;1;0;7;0;0;0;0;0;0;0;0;0;0;0;0;0;0;0;0;0;0;0;0;0;0;0;0;0;0;0;0;0;0;0;42;0;0;0;0;0;0
source/tests/googletest/googletest/test/gtest_shuffle_test.py;;;;1;;;;;;;;;;;;;;;;22;;0;;0;325;67;0;32;2;193;54;0.2797927461;1.1851851852;0;0;0;10;0.0518134715;2;0;0;0;0;0;0;0;0;0;0;0;0;0;0;0;0;0;0;0;0;0;0.3316062176;193;;0;;;;0
source/tests/googletest/googletest/test/gtest_main_unittest.cc;0;0;0;0;0.7777777778;0;0;2;;1;0;0;0;0;0;0;0;0;0;1;0;0;;0;45;35;0;1;0;0;0;0;0;0;0;0;0;0;0;0;0;0;0;0;0;0;0;0;0;0;0;0;0;0;0;0;0;0;0;0;0;2;0;0;0;0;0;0
source/tests/googletest/googletest/test/gtest-typed-test_test.cc;5;2;1;11;0.2921052632;0;0;2;;1;0;0;6;0;0;0;0;0;0;32;0;0;;0;380;111;0;1;0;49;0;0;0;0;0;0;0;0;0;0;0;0;0;0;0;0;0;0;0;0;0;0;0;0;0;0;0;0;0;0;0;146;10;0;0;0;0;0
source/tests/googletest/googletest/test/gtest-death-test_ex_test.cc;0;0;0;1;0.4731182796;0;0;2;;2;0.5;1;5;0;0;0;0;0;0;5;0;0;;0;93;44;0;3;1;13;3;0.2307692308;1;0;0;0;0;0;0;0;0;0;0;0;0;0;0;0;0;0;0;0;0;0;0;0;0;0;0;0;0.2307692308;19;0;0;1;1;0;0
source/tests/googletest/googletest/test/gtest_xml_output_unittest.py;;;;1;;;;;;;;;;;;;;;;8;;0;;5;307;73;0;9;2;111;20;0.1801801802;1.05;0;0;0;1;0.009009009;2;0;0;0;0;0;0;0;0;0;0;0;0;0;0;0;0;0;0;0;0;0;0.1891891892;111;;0;;;;0
source/tests/googletest/googletest/test/gtest-tuple_test.cc;1;0;0;1;0.20625;0;0;2;;1;0;1;25;3;0;1;0;0;0;21;0;0;;0;320;66;0;1;1;137;1;0.0072992701;1;0;0;0;0;0;0;0;0;0;0;0;0;0;0;0;0;0;0;0;0;0;0;0;0;0;0;0;0.0072992701;171;0;0;0;0;0;0
source/tests/googletest/googletest/test/gtest-param-test_test.cc;17;3;4;23;0.1867298578;0;0;2;;4;0.3333333333;2;20;6;0;1;0;0;0;93;0;0;;0;1055;197;0;11;2;315;64;0.2031746032;1.0625;0;0;0;4;0.0126984127;2;0;0;0;0;0;0;0;0;0;0;0;0;0;0;0;0;0;0;0;0;0;0.2158730159;547;7;1;0;0;0;0
source/tests/googletest/googletest/test/gtest-typed-test2_test.cc;0;0;0;0;0.7555555556;0;0;;;;;;;0;0;0;0;0;0;0;0;0;;0;45;34;0;1;;0;0;0;0;0;0;0;0;0;0;0;0;0;0;0;0;0;0;0;0;0;0;0;0;0;0;0;0;0;0;0;0;2;0;0;0;0;0;0
source/tests/googletest/googletest/test/gtest_output_test.py;;;;1;;;;;;;;;;;;;;;;15;;0;;0;340;100;0;14;3;138;41;0.2971014493;1.6097560976;0;0;0;18;0.1304347826;2.3888888889;7;0.0507246377;3;0;0;0;0;0;0;0;0;0;0;0;0;0;0;0;0;0;0;0.4782608696;138;;1;;;;0
source/tests/googletest/googletest/test/gtest_xml_output_unittest_.cc;0;0;0;7;0.2486187845;0;0;2;;3;0.3333333333;1;6;0;0;0;0;0;0;24;0;0;;0;181;45;0;3;1;31;2;0.064516129;1;0;0;0;0;0;0;0;0;0;0;0;0;0;0;0;0;0;0;0;0;0;0;0;0;0;0;0;0.064516129;77;2;0;0;0;0;0
source/tests/googletest/googletest/test/gtest-param-test2_test.cc;1;1;0;0;0.6923076923;0;0;;;;;;;0;0;0;0;0;0;0;0;0;;0;65;45;0;1;;0;0;0;0;0;0;0;0;0;0;0;0;0;0;0;0;0;0;0;0;0;0;0;0;0;0;0;0;0;0;0;0;9;0;0;0;0;0;0
source/tests/googletest/googletest/test/gtest_throw_on_failure_test_.cc;0;0;0;0;0.6944444444;0;0;2;;1;0;0;4;0;0;0;0;0;0;2;0;0;;0;72;50;0;1;0;7;0;0;0;0;0;0;0;0;0;0;0;0;0;0;0;0;0;0;0;0;0;0;0;0;0;0;0;0;0;0;0;9;0;0;0;0;0;0
source/tests/googletest/googletest/test/gtest_env_var_test.py;;;;1;;;;;;;;;;;;;;;;5;;0;;0;103;34;0;8;1;44;9;0.2045454545;1;0;0;0;0;0;0;0;0;0;0;0;0;0;0;0;0;0;0;0;0;0;0;0;0;0;0;0;0.2045454545;44;;0;;;;0
source/tests/googletest/googletest/test/gtest-printers_test.cc;10;5;0;15;0.1902140673;0;0;2;;3;1;2;30;10;0;2;0;0;0;161;0;0;;0;1635;311;0;8;2;607;26;0.0428336079;1.3461538462;0;0;0;9;0.0148270181;2;0;0;0;0;0;0;0;0;0;0;0;0;0;0;0;0;0;0;0;0;0;0.057660626;860;14;0;0;0;0;0
source/tests/googletest/googletest/test/gtest_help_test.py;;;;1;;;;;;;;;;;;;;;;11;;0;;0;172;54;0;8;1;75;8;0.1066666667;1;0;0;0;0;0;0;0;0;0;0;0;0;0;0;0;0;0;0;0;0;0;0;0;0;0;0;0;0.1066666667;75;;0;;;;0
source/tests/googletest/googletest/test/gtest-message_test.cc;0;0;0;0;0.3396226415;0;0;2;;1;0;0;5;0;0;0;0;0;0;17;0;0;;0;159;54;0;1;0;43;0;0;0;0;0;0;0;0;0;0;0;0;0;0;0;0;0;0;0;0;0;0;0;0;0;0;0;0;0;0;0;62;0;0;0;0;0;0
source/tests/googletest/googletest/test/gtest-unittest-api_test.cc;0;0;0;4;0.1671554252;0;0;2;;3;0.3333333333;1;75;4;0;2;0;1;0;13;0;0;;0;341;57;0;6;1;176;4;0.0227272727;1;0;0;0;0;0;0;0;0;0;0;0;0;0;0;0;0;0;0;0;0;0;0;0;0;0;0;0;0.0227272727;204;2;0;0;0;0;0
source/tests/googletest/googletest/test/gtest-linked_ptr_test.cc;3;2;0;3;0.2272727273;0;0;2;;1;0;2;44;1;0;1;0;0;0;9;0;0;;0;154;35;0;1;2;54;42;0.7777777778;1.6190476191;0;0;0;26;0.4814814815;2;0;0;0;0;0;0;0;0;0;0;0;0;0;0;0;0;0;0;0;0;0;1.2592592593;70;0;0;0;0;0;0
source/tests/googletest/googletest/test/gtest_color_test_.cc;0;0;0;0;0.6338028169;0;0;2;;2;0.1428571429;1;7;0;0;0;0;0;0;2;0;0;;0;71;45;0;2;1;7;4;0.5714285714;1;0;0;0;0;0;0;0;0;0;0;0;0;0;0;0;0;0;0;0;0;0;0;0;0;0;0;0;0.5714285714;10;0;0;0;0;0;0
source/tests/googletest/googletest/test/gtest-port_test.cc;9;0;0;11;0.0958588957;0;0;2;;4;0.5;2;18;8;0;0;0;0;0;135;0;0;;0;1304;125;0;14;2;553;53;0.095840868;1.0188679245;0;0;0;1;0.0018083183;2;0;0;0;0;0;0;0;0;0;0;0;0;0;0;0;0;0;0;0;0;0;0.0976491863;744;2;1;0;0;0;0
source/tests/googletest/googletest/test/gtest_no_test_unittest.cc;0;0;0;0;0.8035714286;0;0;2;;2;0.3333333333;0;3;0;0;0;0;0;0;1;0;0;;0;56;45;0;2;0;3;0;0;0;0;0;0;0;0;0;0;0;0;0;0;0;0;0;0;0;0;0;0;0;0;0;0;0;0;0;0;0;4;0;0;0;0;0;0
source/tests/googletest/googletest/test/gtest_throw_on_failure_ex_test.cc;0;0;0;0;0.4782608696;0;0;2;;2;0.0666666667;1;15;1;0;0;0;0;0;3;0;0;;0;92;44;0;2;1;21;8;0.380952381;1;0;0;0;0;0;0;0;0;0;0;0;0;0;0;0;0;0;0;0;0;0;0;0;0;0;0;0;0.380952381;24;0;0;1;2;0;0
source/tests/googletest/googletest/test/gtest-test-part_test.cc;1;0;0;2;0.2451923077;0;0;2;;1;0;0;18;2;0;0;0;0;0;16;0;0;;0;208;51;0;1;0;66;0;0;0;0;0;0;0;0;0;0;0;0;0;0;0;0;0;0;0;0;0;0;0;0;0;0;0;0;0;0;0;99;0;1;0;0;0;0
source/tests/googletest/googletest/test/gtest_xml_outfile1_test_.cc;0;0;0;1;0.6734693878;0;0;2;;1;0;0;1;0;0;0;0;0;0;3;0;0;;0;49;33;0;1;0;3;0;0;0;0;0;0;0;0;0;0;0;0;0;0;0;0;0;0;0;0;0;0;0;0;0;0;0;0;0;0;0;8;0;0;0;0;0;0
source/tests/googletest/googletest/test/gtest_env_var_test_.cc;0;0;0;0;0.2857142857;0;0;2;;12;0.3142857143;1;35;1;0;1;0;0;0;3;1;0;;0;126;36;0;13;1;41;24;0.5853658537;1;0;0;0;0;0;0;0;0;0;0;0;0;0;0;0;0;0;0;0;0;0;0;0;0;0;0;0;0.5853658537;46;0;0;0;0;0;1
source/tests/googletest/googletest/test/gtest_list_tests_unittest_.cc;1;0;0;7;0.3057324841;0;0;2;;1;0;0;2;0;0;0;0;0;0;20;0;0;;3;157;48;0;1;0;4;0;0;0;0;0;0;0;0;0;0;0;0;0;0;0;0;0;0;0;0;0;0;0;0;0;0;0;0;0;0;0;47;3;0;0;0;0;0
source/tests/googletest/googletest/test/production.h;1;0;0;1;0.6363636364;0;0;1;;1;0;0;1;0;0;0;0;0;0;2;0;0;;0;55;35;0;1;0;2;0;0;0;0;0;0;0;0;0;0;0;0;0;0;0;0;0;0;0;0;0;0;0;0;0;0;0;0;0;0;0;9;0;0;0;0;0;0
source/tests/googletest/googletest/test/gtest-options_test.cc;1;0;0;1;0.2511627907;0;0;2;;8;0.5384615385;0;13;2;0;0;0;0;0;15;1;0;;0;215;54;0;8;0;75;0;0;0;0;0;0;0;0;0;0;0;0;0;0;0;0;0;0;0;0;0;0;0;0;0;0;0;0;0;0;0;96;0;1;0;0;0;0
source/tests/googletest/googletest/test/gtest-typed-test_test.h;0;0;0;1;0.5454545455;0;0;2;;1;0;0;2;0;0;0;0;0;0;2;0;0;;0;66;36;0;1;0;3;0;0;0;0;0;0;0;0;0;0;0;0;0;0;0;0;0;0;0;0;0;0;0;0;0;0;0;0;0;0;0;11;1;0;0;0;0;0
source/tests/googletest/googletest/test/gtest_xml_outfile2_test_.cc;0;0;0;1;0.6734693878;0;0;2;;1;0;0;1;0;0;0;0;0;0;3;0;0;;0;49;33;0;1;0;3;0;0;0;0;0;0;0;0;0;0;0;0;0;0;0;0;0;0;0;0;0;0;0;0;0;0;0;0;0;0;0;8;0;0;0;0;0;0
source/tests/googletest/googletest/test/gtest_repeat_test.cc;6;6;0;2;0.2687747036;0;0;2;;2;0.25;0;12;3;0;0;0;0;0;15;0;0;;0;253;68;0;2;0;68;0;0;0;0;0;0;0;0;0;0;0;0;0;0;0;0;0;0;0;0;0;0;0;0;0;0;0;0;0;0;0;102;0;1;0;0;0;0
source/tests/googletest/googletest/test/gtest_throw_on_failure_test.py;;;;1;;;;;;;;;;;;;;;;7;;0;;0;171;55;0;10;1;72;11;0.1527777778;1;0;0;0;0;0;0;0;0;0;0;0;0;0;0;0;0;0;0;0;0;0;0;0;0;0;0;0;0.1527777778;72;;1;;;;0
source/tests/googletest/googletest/test/gtest_break_on_failure_unittest.py;;;;1;;;;;;;;;;;;;;;;8;;0;;0;212;63;0;9;1;95;20;0.2105263158;1;0;0;0;0;0;0;0;0;0;0;0;0;0;0;0;0;0;0;0;0;0;0;0;0;0;0;0;0.2105263158;95;;0;;;;0
source/tests/googletest/googletest/test/gtest_filter_unittest_.cc;0;0;0;2;0.3428571429;0;0;2;;1;0;0;2;0;0;0;0;0;0;19;0;0;;0;140;48;0;1;0;12;0;0;0;0;0;0;0;0;0;0;0;0;0;0;0;0;0;0;0;0;0;0;0;0;0;0;0;0;0;0;0;36;0;0;0;0;0;0
source/tests/googletest/googletest/test/gtest_catch_exceptions_test.py;;;;2;;;;;;;;;;;;;;;;12;;0;;0;237;51;0;5;1;111;7;0.0630630631;1;0;0;0;0;0;0;0;0;0;0;0;0;0;0;0;0;0;0;0;0;0;0;0;0;0;0;0;0.0630630631;111;;0;;;;0
source/tests/googletest/googletest/test/gtest_filter_unittest.py;;;;1;;;;;;;;;;;;;;;;31;;0;;0;633;138;0;26;3;235;55;0.2340425532;1.2181818182;0;0;0;9;0.0382978723;2.3333333333;3;0.0127659574;3;0;0;0;0;0;0;0;0;0;0;0;0;0;0;0;0;0;0;0.285106383;235;;0;;;;0
source/tests/googletest/googletest/test/gtest_sole_header_test.cc;0;0;0;0;0.5964912281;0;0;2;;1;0;1;4;0;0;0;0;0;0;3;0;0;;0;57;34;0;1;1;9;2;0.2222222222;1;0;0;0;0;0;0;0;0;0;0;0;0;0;0;0;0;0;0;0;0;0;0;0;0;0;0;0;0.2222222222;13;0;0;0;0;0;0
source/tests/googletest/googletest/test/gtest_output_test_.cc;9;7;0;23;0.2382297552;2;2;2;;3;0.3333333333;2;14;2;0;0;0;0;0;101;0;0;;0;1062;253;1;8;2;235;47;0.2;1.0425531915;0;0;0;2;0.0085106383;2;0;0;0;0;0;0;0;0;0;0;0;0;0;0;0;0;0;0;0;0;0;0.2085106383;419;4;0;1;2;0;0
source/tests/googletest/googletest/test/gtest_help_test_.cc;0;0;0;0;0.7608695652;0;0;2;;1;0;0;1;0;0;0;0;0;0;2;0;0;;0;46;35;0;1;0;1;0;0;0;0;0;0;0;0;0;0;0;0;0;0;0;0;0;0;0;0;0;0;0;0;0;0;0;0;0;0;0;3;0;0;0;0;0;0
source/tests/googletest/googletest/test/gtest_catch_exceptions_test_.cc;0;0;0;13;0.1446945338;0;0;2;;1;0;0;3;0;0;0;0;0;0;47;0;0;;0;311;45;0;1;0;44;0;0;0;0;0;0;0;0;0;0;0;0;0;0;0;0;0;0;0;0;0;0;0;0;0;0;0;0;0;0;0;117;0;0;0;0;0;0
source/tests/googletest/googletest/test/gtest_premature_exit_test.cc;0;0;0;1;0.3937007874;0;0;2;;4;0.4;2;9;0;0;0;0;0;0;6;0;0;;0;127;50;1;8;2;24;9;0.375;1.4444444444;0;0;0;4;0.1666666667;2;0;0;0;0;0;0;0;0;0;0;0;0;0;0;0;0;0;0;0;0;0;0.5416666667;41;0;0;0;0;0;0
source/tests/googletest/googletest/test/gtest_list_tests_unittest.py;;;;1;;;;;;;;;;;;;;;;6;;0;;0;207;57;0;6;1;55;15;0.2727272727;1;0;0;0;0;0;0;0;0;0;0;0;0;0;0;0;0;0;0;0;0;0;0;0;0;0;0;0;0.2727272727;55;;0;;;;0
source/tests/googletest/googletest/test/gtest_xml_test_utils.py;;;;1;;;;;;;;;;;;;;;;3;;0;;0;194;80;0;19;4;84;49;0.5833333333;1.5918367347;0;0;0;19;0.2261904762;2.5263157895;8;0.0952380952;3.25;2;0.0238095238;4;0;0;0;0;0;0;0;0;0;0;0;0;0;0;0;0.9285714286;84;;0;;;;0
source/tests/googletest/googletest/test/gtest_color_test.py;;;;1;;;;;;;;;;;;;;;;7;;0;;0;130;37;0;9;1;65;12;0.1846153846;1;0;0;0;0;0;0;0;0;0;0;0;0;0;0;0;0;0;0;0;0;0;0;0;0;0;0;0;0.1846153846;65;;0;;;;0
source/tests/googletest/googletest/test/gtest_environment_test.cc;4;1;0;1;0.3229166667;0;0;2;;3;0.3333333333;1;18;2;0;0;0;0;0;11;0;0;;0;192;62;0;4;1;46;10;0.2173913043;1;0;0;0;0;0;0;0;0;0;0;0;0;0;0;0;0;0;0;0;0;0;0;0;0;0;0;0;0.2173913043;66;0;0;0;0;0;0
source/tests/googletest/googletest/test/gtest-filepath_test.cc;4;0;0;1;0.1797583082;0;0;2;;3;0.25;1;14;4;0;0;0;0;0;72;0;0;;0;662;119;0;5;1;265;7;0.0264150943;1;0;0;0;0;0;0;0;0;0;0;0;0;0;0;0;0;0;0;0;0;0;0;0;0;0;0;0;0.0264150943;346;0;1;0;0;0;0
source/tests/googletest/googletest/test/gtest-param-test_test.h;0;0;0;2;0.7192982456;0;0;;;;;;;0;0;0;0;0;0;0;0;0;;0;57;41;0;1;;0;0;0;0;0;0;0;0;0;0;0;0;0;0;0;0;0;0;0;0;0;0;0;0;0;0;0;0;0;0;0;0;3;0;0;0;0;0;0
source/tests/googletest/googletest/test/gtest-death-test_test.cc;17;2;2;7;0.1948142957;0;0;5;;5;0.5;1;20;13;0;1;0;0;1;125;0;0;;0;1427;278;0;25;1;519;37;0.0712909441;1;0;0;0;0;0;0;0;0;0;0;0;0;0;0;0;0;0;0;0;0;0;0;0;0;0;0;0;0.0712909441;723;0;3;0;0;0;0
source/tests/googletest/googletest/test/gtest_prod_test.cc;0;0;0;0;0.6315789474;0;0;2;;1;0;0;4;0;0;0;0;0;0;2;0;0;;0;57;36;0;1;0;8;0;0;0;0;0;0;0;0;0;0;0;0;0;0;0;0;0;0;0;0;0;0;0;0;0;0;0;0;0;0;0;11;0;0;0;0;0;0
source/tests/googletest/googletest/test/production.cc;0;0;0;0;0.8888888889;0;0;0;;1;0;0;0;0;0;0;0;0;0;1;0;0;;0;36;32;0;1;0;0;0;0;0;0;0;0;0;0;0;0;0;0;0;0;0;0;0;0;0;0;0;0;0;0;0;0;0;0;0;0;0;1;0;0;0;0;0;0
source/tests/googletest/googletest/test/gtest_all_test.cc;0;0;0;0;0.7446808511;0;0;;;;;;;0;0;0;0;0;0;0;0;0;;0;47;35;0;1;;0;0;0;0;0;0;0;0;0;0;0;0;0;0;0;0;0;0;0;0;0;0;0;0;0;0;0;0;0;0;0;0;0;0;0;0;0;0;0
source/tests/googletest/googletest/test/gtest_uninitialized_test.py;;;;1;;;;;;;;;;;;;;;;4;;0;;0;70;32;0;4;1;21;5;0.2380952381;1;0;0;0;0;0;0;0;0;0;0;0;0;0;0;0;0;0;0;0;0;0;0;0;0;0;0;0;0.2380952381;21;;0;;;;0
source/tests/googletest/googletest/test/gtest_xml_outfiles_test.py;;;;1;;;;;;;;;;;;;;;;6;;1;;2;132;39;0;4;1;60;10;0.1666666667;1;0;0;0;0;0;0;0;0;0;0;0;0;0;0;0;0;0;0;0;0;0;0;0;0;0;0;0;0.1666666667;60;;2;;;;0
source/tests/googletest/googletest/test/gtest_unittest.cc;47;12;6;61;0.1713209508;0;0;8;;16;0.9375;4;33;64;0;9;0;0;0;616;3;1;;0;7699;1319;1;82;4;2768;320;0.1156069364;1.103125;0;0;0;25;0.0090317919;2.32;5;0.0018063584;3.6;3;0.001083815;4;0;0;0;0;0;0;0;0;0;0;0;0;0;0;0;0.1275289017;3780;19;9;0;0;0;4
source/tests/googletest/googletest/test/gtest_break_on_failure_unittest_.cc;0;0;0;1;0.5681818182;0;0;2;;1;0;0;4;0;0;0;0;0;0;3;0;0;;0;88;50;0;1;0;6;0;0;0;0;0;0;0;0;0;0;0;0;0;0;0;0;0;0;0;0;0;0;0;0;0;0;0;0;0;0;0;11;0;0;0;0;0;0
source/tests/googletest/googletest/test/gtest-listener_test.cc;2;1;0;3;0.192926045;0;0;3;;4;0.2727272727;1;18;2;0;0;0;0;0;25;0;0;;0;311;60;0;5;1;59;4;0.0677966102;1;0;0;0;0;0;0;0;0;0;0;0;0;0;0;0;0;0;0;0;0;0;0;0;0;0;0;0;0.0677966102;111;0;0;0;0;0;0
source/tests/googletest/googletest/src/gtest-port.cc;8;0;2;4;0.2407862408;0;0;5;;16;3;3;34;18;0;4;0;0;0;81;5;0;;0;1221;294;1;114;3;458;160;0.3493449782;1.55;0;0;0;69;0.1506550218;2.2753623188;19;0.0414847162;3;0;0;0;0;0;0;0;0;0;0;0;0;0;0;0;0;0;0;0.5414847162;603;1;3;0;0;0;4
source/tests/googletest/googletest/src/gtest-internal-inl.h;48;3;0;13;0.3753169907;0;0;4;;6;2;1;17;4;0;0;0;0;2;68;1;0;;0;1183;444;3;24;1;159;12;0.0754716981;1;0;0;0;0;0;0;0;0;0;0;0;0;0;0;0;0;0;0;0;0;0;0;0;0;0;0;0;0.0754716981;440;7;1;0;0;0;0
source/tests/googletest/googletest/src/gtest.cc;9;2;0;10;0.2569624954;0;0;9;;19;2;5;55;55;0;20;0;1;0;324;11;0;;0;5386;1384;5;438;5;1754;684;0.3899657925;1.4546783626;0;0;0;252;0.1436716078;2.2341269841;47;0.0267958951;3.2553191489;10;0.0057012543;4.2;2;0.0011402509;5;0;0;0;0;0;0;0;0;0;0;0;0;0.5672748005;2536;8;14;1;1;0;9
source/tests/googletest/googletest/src/gtest_main.cc;0;0;0;0;0.7368421053;0;0;2;;1;0;0;3;0;0;0;0;0;0;1;0;0;;0;38;28;0;1;0;3;0;0;0;0;0;0;0;0;0;0;0;0;0;0;0;0;0;0;0;0;0;0;0;0;0;0;0;0;0;0;0;4;0;0;0;0;0;0
source/tests/googletest/googletest/src/gtest-typed-test.cc;0;0;0;0;0.3220338983;0;0;3;34;9;0.3333333333;3;34;1;0;1;0;0;0;3;0;0;;0;118;38;0;11;3;42;22;0.5238095238;1.4545454546;0;0;0;8;0.1904761905;2.25;2;0.0476190476;3;0;0;0;0;0;0;0;0;0;0;0;0;0;0;0;0;0;0;0.7619047619;48;0;0;0;0;0;0
source/tests/googletest/googletest/src/gtest-filepath.cc;0;0;0;0;0.3204134367;0;0;4;;7;1;3;20;2;0;1;0;0;0;18;1;0;;0;387;124;0;39;3;115;24;0.2086956522;1.25;0;0;0;5;0.0434782609;2.2;1;0.0086956522;3;0;0;0;0;0;0;0;0;0;0;0;0;0;0;0;0;0;0;0.2608695652;149;0;2;0;0;0;0
source/tests/googletest/googletest/src/gtest-all.cc;0;0;0;0;0.7916666667;0;0;;;;;;;0;0;0;0;0;0;0;0;0;;0;48;38;0;1;;0;0;0;0;0;0;0;0;0;0;0;0;0;0;0;0;0;0;0;0;0;0;0;0;0;0;0;0;0;0;0;0;0;0;0;0;0;0;0
source/tests/googletest/googletest/src/gtest-test-part.cc;0;0;0;0;0.4090909091;0;0;2;;3;0.5;1;5;0;0;0;0;0;0;8;0;0;;0;110;45;0;7;1;20;2;0.1;1;0;0;0;0;0;0;0;0;0;0;0;0;0;0;0;0;0;0;0;0;0;0;0;0;0;0;0;0.1;35;0;0;0;0;0;0
source/tests/googletest/googletest/src/gtest-printers.cc;0;0;0;0;0.345844504;0;0;4;;12;1;2;39;4;0;1;0;0;0;21;2;0;;0;373;129;3;32;2;116;71;0.6120689655;1.1267605634;0;0;0;9;0.0775862069;2;0;0;0;0;0;0;0;0;0;0;0;0;0;0;0;0;0;0;0;0;0;0.6896551724;164;4;1;0;0;0;1
source/tests/googletest/googletest/src/gtest-death-test.cc;13;2;0;8;0.2898658718;0;0;5;;12;1;3;67;14;0;10;0;1;0;58;0;0;;0;1342;389;1;76;3;486;154;0.316872428;1.2597402597;0;0;0;36;0.0740740741;2.1111111111;4;0.0082304527;3;0;0;0;0;0;0;0;0;0;0;0;0;0;0;0;0;0;0;0.3991769547;621;1;2;0;0;0;0
source/tests/googletest/googletest/scripts/release_docs.py;;;;1;;;;;;;;;;;;;;;;6;;0;;0;158;48;0;13;1;52;12;0.2307692308;1;0;0;0;0;0;0;0;0;0;0;0;0;0;0;0;0;0;0;0;0;0;0;0;0;0;0;0;0.2307692308;52;;0;;;;0
source/tests/googletest/googletest/scripts/gen_gtest_pred_impl.py;;;;0;;;;;;;;;;;;;;;;14;;0;;0;730;83;0;26;4;231;81;0.3506493506;1.6172839506;0;0;0;38;0.1645021645;2.3157894737;10;0.0432900433;3.2;2;0.0086580087;4;0;0;0;0;0;0;0;0;0;0;0;0;0;0;0;0.5670995671;231;;0;;;;0
source/tests/googletest/googletest/scripts/pump.py;;;;13;;;;;;;;;;;;;;;;72;;0;;0;855;63;0;118;3;602;288;0.4784053156;1.4236111111;0;0;0;107;0.1777408638;2.1401869159;15;0.0249169435;3;0;0;0;0;0;0;0;0;0;0;0;0;0;0;0;0;0;0;0.6810631229;602;;0;;;;12
source/tests/googletest/googletest/scripts/fuse_gtest_files.py;;;;0;;;;;;;;;;;;;;;;9;;0;;0;250;77;0;17;5;94;43;0.4574468085;2.023255814;0;0;0;23;0.2446808511;2.9130434783;13;0.1382978723;3.6153846154;6;0.0638297872;4.3333333333;2;0.0212765957;5;0;0;0;0;0;0;0;0;0;0;0;0;0.9255319149;94;;1;;;;0
source/tests/googletest/googletest/scripts/upload.py;;;;7;;;;;;;;;;;;;;;;49;;1;;0;1387;292;2;219;5;922;495;0.5368763557;1.7131313131;0;0;0;241;0.2613882863;2.4647302905;90;0.0976138829;3.2444444444;17;0.0184381779;4.2941176471;5;0.0054229935;5;0;0;0;0;0;0;0;0;0;0;0;0;0.9197396963;922;;2;;;;20
source/tests/googletest/googletest/scripts/common.py;;;;0;;;;;;;;;;;;;;;;5;;0;;0;83;36;0;5;2;27;6;0.2222222222;1.6666666667;0;0;0;4;0.1481481481;2;0;0;0;0;0;0;0;0;0;0;0;0;0;0;0;0;0;0;0;0;0;0.3703703704;27;;0;;;;0
source/tests/googletest/googletest/scripts/upload_gtest.py;;;;0;;;;;;;;;;;;;;;;1;;0;;0;78;35;0;8;3;25;11;0.44;1.7272727273;0;0;0;7;0.28;2.1428571429;1;0.04;3;0;0;0;0;0;0;0;0;0;0;0;0;0;0;0;0;0;0;0.76;25;;0;;;;0
source/tests/googletest/googletest/samples/sample2.h;0;0;0;1;0.5411764706;0;0;1;;2;1;0;1;0;0;0;0;0;0;6;0;0;;0;85;46;0;2;0;5;0;0;0;0;0;0;0;0;0;0;0;0;0;0;0;0;0;0;0;0;0;0;0;0;0;0;0;0;0;0;0;16;0;0;0;0;0;0
source/tests/googletest/googletest/samples/sample6_unittest.cc;0;0;0;2;0.4776785714;0;0;2;;1;0;0;6;0;0;0;0;0;0;10;0;0;;0;224;107;1;1;0;39;0;0;0;0;0;0;0;0;0;0;0;0;0;0;0;0;0;0;0;0;0;0;0;0;0;0;0;0;0;0;0;71;4;0;0;0;0;0
source/tests/googletest/googletest/samples/sample7_unittest.cc;1;0;0;1;0.4538461538;0;0;2;;1;0;0;6;0;0;0;0;0;0;9;0;0;;0;130;59;0;1;0;24;0;0;0;0;0;0;0;0;0;0;0;0;0;0;0;0;0;0;0;0;0;0;0;0;0;0;0;0;0;0;0;43;1;0;0;0;0;0
source/tests/googletest/googletest/samples/sample3-inl.h;5;0;0;2;0.3837209302;0;0;1;;4;0.3;2;10;2;0;0;0;0;1;15;0;0;;0;172;66;0;8;2;41;17;0.4146341463;1.2352941177;0;0;0;4;0.0975609756;2;0;0;0;0;0;0;0;0;0;0;0;0;0;0;0;0;0;0;0;0;0;0.512195122;68;3;0;0;0;0;0
source/tests/googletest/googletest/samples/sample1.h;0;0;0;0;0.7906976744;0;0;;;;;;;0;0;0;0;0;0;0;0;0;;0;43;34;0;1;;0;0;0;0;0;0;0;0;0;0;0;0;0;0;0;0;0;0;0;0;0;0;0;0;0;0;0;0;0;0;0;0;2;0;0;0;0;0;0
source/tests/googletest/googletest/samples/sample3_unittest.cc;3;0;0;1;0.5695364238;0;0;2;;2;0.1666666667;1;12;1;0;0;0;0;0;6;0;0;;0;151;86;1;2;1;26;1;0.0384615385;1;0;0;0;0;0;0;0;0;0;0;0;0;0;0;0;0;0;0;0;0;0;0;0;0;0;0;0;0.0384615385;37;0;0;0;0;0;0
source/tests/googletest/googletest/samples/sample4_unittest.cc;0;0;0;0;0.7333333333;0;0;2;;1;0;0;4;0;0;0;0;0;0;1;0;0;;0;45;33;0;1;0;4;0;0;0;0;0;0;0;0;0;0;0;0;0;0;0;0;0;0;0;0;0;0;0;0;0;0;0;0;0;0;0;5;0;0;0;0;0;0
source/tests/googletest/googletest/samples/sample2_unittest.cc;0;0;0;0;0.6055045872;0;0;2;;1;0;0;7;0;0;0;0;0;0;4;0;0;;0;109;66;0;1;0;17;0;0;0;0;0;0;0;0;0;0;0;0;0;0;0;0;0;0;0;0;0;0;0;0;0;0;0;0;0;0;0;22;0;0;0;0;0;0
source/tests/googletest/googletest/samples/sample8_unittest.cc;4;0;0;2;0.4450867052;0;0;2;;4;0.75;0;6;0;0;0;0;0;0;10;0;0;;0;173;77;3;7;0;33;0;0;0;0;0;0;0;0;0;0;0;0;0;0;0;0;0;0;0;0;0;0;0;0;0;0;0;0;0;0;0;63;0;0;0;0;0;0
source/tests/googletest/googletest/samples/sample1.cc;0;0;0;0;0.6029411765;0;0;1;;6;0.8333333333;1;6;0;0;0;0;0;0;2;1;0;;0;68;41;0;7;1;10;3;0.3;1;0;0;0;0;0;0;0;0;0;0;0;0;0;0;0;0;0;0;0;0;0;0;0;0;0;0;0;0.3;12;0;0;0;0;0;0
source/tests/googletest/googletest/samples/sample1_unittest.cc;0;0;0;0;0.6405228758;0;0;2;;1;0;0;4;0;0;0;0;0;0;6;0;0;;0;153;98;0;1;0;19;0;0;0;0;0;0;0;0;0;0;0;0;0;0;0;0;0;0;0;0;0;0;0;0;0;0;0;0;0;0;0;25;0;0;0;0;0;0
source/tests/googletest/googletest/samples/sample5_unittest.cc;4;0;0;3;0.5025125628;0;0;2;;1;0;0;12;2;0;0;0;0;0;7;0;0;;0;199;100;2;1;0;39;0;0;0;0;0;0;0;0;0;0;0;0;0;0;0;0;0;0;0;0;0;0;0;0;0;0;0;0;0;0;0;55;0;0;0;0;0;0
source/tests/googletest/googletest/samples/prime_tables.h;0;0;0;3;0.3739837398;0;0;1;;4;2;2;6;0;0;0;0;0;0;8;0;0;;0;123;46;0;13;2;19;6;0.3157894737;1.1666666667;0;0;0;1;0.0526315789;2;0;0;0;0;0;0;0;0;0;0;0;0;0;0;0;0;0;0;0;0;0;0.3684210526;39;0;0;0;0;0;0
source/tests/googletest/googletest/samples/sample2.cc;0;0;0;0;0.625;0;0;1;;2;0.2;0;5;0;0;0;0;0;0;2;0;0;;0;56;35;0;2;0;8;0;0;0;0;0;0;0;0;0;0;0;0;0;0;0;0;0;0;0;0;0;0;0;0;0;0;0;0;0;0;0;10;0;0;0;0;0;0
source/tests/googletest/googletest/samples/sample4.cc;0;0;0;0;0.7173913043;0;0;0;;1;0;0;1;0;0;0;0;0;0;2;0;0;;0;46;33;0;1;0;2;0;0;0;0;0;0;0;0;0;0;0;0;0;0;0;0;0;0;0;0;0;0;0;0;0;0;0;0;0;0;0;4;0;0;0;0;0;0
source/tests/googletest/googletest/samples/sample9_unittest.cc;0;0;0;1;0.35625;0;0;2;23;9;0.5;3;23;1;0;1;0;0;0;9;1;0;;0;160;57;0;11;3;42;9;0.2142857143;1.5555555556;0;0;0;4;0.0952380952;2.25;1;0.0238095238;3;0;0;0;0;0;0;0;0;0;0;0;0;0;0;0;0;0;0;0.3333333333;62;0;0;0;0;0;0
source/tests/googletest/googletest/samples/sample4.h;1;0;0;1;0.679245283;0;0;0;;1;0;0;0;0;0;0;0;0;0;1;0;0;;0;53;36;0;1;0;0;0;0;0;0;0;0;0;0;0;0;0;0;0;0;0;0;0;0;0;0;0;0;0;0;0;0;0;0;0;0;0;7;0;0;0;0;0;0
source/tests/googletest/googletest/samples/sample10_unittest.cc;2;0;1;2;0.4513888889;0;0;2;;4;0.3;1;10;1;0;0;0;0;0;8;0;0;;0;144;65;0;4;1;22;2;0.0909090909;1;0;0;0;0;0;0;0;0;0;0;0;0;0;0;0;0;0;0;0;0;0;0;0;0;0;0;0;0.0909090909;46;0;0;0;0;0;0
source/tests/googletest/googletest/xcode/Scripts/runtests.sh;;;;;;;;;;;;;;;;;;;;;;0;;0;65;35;0;4;2;21;9;0.4285714286;1.3333333333;0;0;0;3;0.1428571429;2;0;0;0;0;0;0;0;0;0;0;0;0;0;0;0;0;0;0;0;0;0;0.5714285714;21;;0;;;;0
source/tests/googletest/googletest/xcode/Scripts/versiongenerate.py;;;;0;;;;;;;;;;;;;;;;0;;0;;0;100;40;0;2;1;23;4;0.1739130435;1;0;0;0;0;0;0;0;0;0;0;0;0;0;0;0;0;0;0;0;0;0;0;0;0;0;0;0;0.1739130435;23;;0;;;;0
source/tests/googletest/googletest/xcode/Samples/FrameworkSample/runtests.sh;;;;;;;;;;;;;;;;;;;;;;0;;0;62;35;0;4;2;21;9;0.4285714286;1.3333333333;0;0;0;3;0.1428571429;2;0;0;0;0;0;0;0;0;0;0;0;0;0;0;0;0;0;0;0;0;0;0.5714285714;21;;0;;;;0
source/tests/googletest/googletest/xcode/Samples/FrameworkSample/widget.cc;0;0;0;0;0.5714285714;0;0;2;;1;0;0;3;0;0;0;0;0;0;6;0;0;;0;63;36;0;1;0;6;0;0;0;0;0;0;0;0;0;0;0;0;0;0;0;0;0;0;0;0;0;0;0;0;0;0;0;0;0;0;0;14;0;0;0;0;0;0
source/tests/googletest/googletest/xcode/Samples/FrameworkSample/widget_test.cc;0;0;0;0;0.6617647059;0;0;2;;1;0;0;6;0;0;0;0;0;0;2;0;0;;0;68;45;3;1;0;9;0;0;0;0;0;0;0;0;0;0;0;0;0;0;0;0;0;0;0;0;0;0;0;0;0;0;0;0;0;0;0;11;0;0;0;0;0;0
source/tests/googletest/googletest/xcode/Samples/FrameworkSample/widget.h;2;0;0;1;0.6779661017;0;0;;;;;;;0;0;0;0;0;0;0;0;0;;0;59;40;0;1;;0;0;0;0;0;0;0;0;0;0;0;0;0;0;0;0;0;0;0;0;0;0;0;0;0;0;0;0;0;0;0;0;11;0;0;0;0;0;0
source/tests/googletest/googletest/include/gtest/gtest.h;27;0;0;19;0.4919642857;0;0;5;;2;1;1;14;1;0;0;0;0;28;91;0;0;;0;2240;1102;45;12;1;110;2;0.0181818182;1;0;0;0;0;0;0;0;0;0;0;0;0;0;0;0;0;0;0;0;0;0;0;0;0;0;0;0;0.0181818182;612;14;2;0;0;0;0
source/tests/googletest/googletest/include/gtest/gtest_pred_impl.h;0;0;0;0;0.2793296089;0;0;12;;2;0.25;0;12;2;0;0;0;0;0;5;0;0;1;0;358;100;0;6;0;40;0;0;0;0;0;0;0;0;0;0;0;0;0;0;0;0;0;0;0;0;0;0;0;0;0;0;0;0;0;0;0;100;5;0;0;0;0;0
source/tests/googletest/googletest/include/gtest/gtest_prod.h;0;0;0;0;0.8620689655;0;0;;;;;;;0;0;0;0;0;0;0;0;0;;0;58;50;7;1;;0;0;0;0;0;0;0;0;0;0;0;0;0;0;0;0;0;0;0;0;0;0;0;0;0;0;0;0;0;0;0;0;0;0;0;0;0;0;0
source/tests/googletest/googletest/include/gtest/gtest-param-test.h;0;0;0;3;0.2326869806;0;0;50;;1;0;0;8;0;0;0;0;0;0;69;0;0;1;0;1444;336;34;1;0;246;0;0;0;0;0;0;0;0;0;0;0;0;0;0;0;0;0;0;0;0;0;0;0;0;0;0;0;0;0;0;0;878;64;0;0;0;0;0
source/tests/googletest/googletest/include/gtest/gtest-spi.h;1;0;0;2;0.5172413793;0;0;;;;;;;0;0;0;0;0;0;0;0;0;;0;232;120;0;1;;0;0;0;0;0;0;0;0;0;0;0;0;0;0;0;0;0;0;0;0;0;0;0;0;0;0;0;0;0;0;0;0;30;0;0;0;0;0;0
source/tests/googletest/googletest/include/gtest/gtest-printers.h;1;1;0;21;0.3997985901;0;0;4;15;5;1;3;15;2;0;0;0;0;0;60;0;0;;0;993;397;8;17;3;134;33;0.2462686567;1.3939393939;0;0;0;11;0.0820895522;2.1818181818;2;0.0149253731;3;0;0;0;0;0;0;0;0;0;0;0;0;0;0;0;0;0;0;0.3432835821;365;53;1;0;0;0;0
source/tests/googletest/googletest/include/gtest/gtest-message.h;0;0;0;1;0.592;0;0;2;;2;1;1;5;0;0;0;0;0;0;11;0;0;;0;250;148;4;4;1;23;4;0.1739130435;1;0;0;0;0;0;0;0;0;0;0;0;0;0;0;0;0;0;0;0;0;0;0;0;0;0;0;0;0.1739130435;57;6;0;0;0;0;0
source/tests/googletest/googletest/include/gtest/gtest-death-test.h;0;0;0;2;0.7244897959;0;0;;;;;;;0;0;0;0;0;0;0;0;0;;0;294;213;21;1;;0;0;0;0;0;0;0;0;0;0;0;0;0;0;0;0;0;0;0;0;0;0;0;0;0;0;0;0;0;0;0;0;17;0;1;0;0;0;0
source/tests/googletest/googletest/include/gtest/gtest-typed-test.h;2;2;1;2;0.4562737643;0;0;2;;1;0;0;4;0;0;0;0;0;0;4;0;0;;0;263;120;2;1;0;5;0;0;0;0;0;0;0;0;0;0;0;0;0;0;0;0;0;0;0;0;0;0;0;0;0;0;0;0;0;0;0;24;2;0;0;0;0;0
source/tests/googletest/googletest/include/gtest/gtest-test-part.h;8;0;0;4;0.4469273743;0;0;4;;2;1;0;1;0;0;0;0;0;0;13;0;0;;0;179;80;0;3;0;10;0;0;0;0;0;0;0;0;0;0;0;0;0;0;0;0;0;0;0;0;0;0;0;0;0;0;0;0;0;0;0;59;0;0;0;0;0;0
source/tests/googletest/googletest/include/gtest/internal/gtest-tuple.h;13;13;0;49;0.0941176471;0;0;10;;2;0.5;1;39;10;0;8;0;0;10;56;0;1;1;0;1020;96;0;2;1;317;75;0.2365930599;1;0;0;0;0;0;0;0;0;0;0;0;0;0;0;0;0;0;0;0;0;0;0;0;0;0;0;0;0.2365930599;581;117;1;0;0;0;0
source/tests/googletest/googletest/include/gtest/internal/gtest-param-util.h;14;2;0;19;0.2886456908;0;0;5;42;5;1;3;42;2;0;1;0;0;1;66;0;0;;0;731;211;0;19;3;132;55;0.4166666667;2.2545454546;0;0;0;43;0.3257575758;2.6046511628;26;0.196969697;3;0;0;0;0;0;0;0;0;0;0;0;0;0;0;0;0;0;0;0.9393939394;368;18;0;0;0;0;0
source/tests/googletest/googletest/include/gtest/internal/gtest-string.h;0;0;0;1;0.6826347305;0;0;;;;;;;0;0;0;0;0;0;0;0;0;;0;167;114;0;1;;0;0;0;0;0;0;0;0;0;0;0;0;0;0;0;0;0;0;0;0;0;0;0;0;0;0;0;0;0;0;0;0;22;0;0;0;0;0;0
source/tests/googletest/googletest/include/gtest/internal/gtest-type-util.h;3;3;0;211;0.0360252177;0;0;0;;2;0.1111111111;0;9;0;0;0;0;0;0;1;0;0;1;0;3331;120;0;2;0;9;0;0;0;0;0;0;0;0;0;0;0;0;0;0;0;0;0;0;0;0;0;0;0;0;0;0;0;0;0;0;0;2849;209;0;0;0;0;0
source/tests/googletest/googletest/include/gtest/internal/gtest-port.h;24;5;0;45;0.4254403131;0;0;3;;3;0.5;2;8;0;0;0;0;0;0;145;0;1;;0;2555;1087;28;16;2;167;17;0.1017964072;1.0588235294;0;0;0;1;0.005988024;2;0;0;0;0;0;0;0;0;0;0;0;0;0;0;0;0;0;0;0;0;0;0.1077844311;586;21;5;0;0;0;0
source/tests/googletest/googletest/include/gtest/internal/gtest-port-arch.h;0;0;0;0;0.4193548387;0;0;;;;;;;0;0;0;0;0;0;0;0;0;;0;93;39;0;1;;0;0;0;0;0;0;0;0;0;0;0;0;0;0;0;0;0;0;0;0;0;0;0;0;0;0;0;0;0;0;0;0;0;0;0;0;0;0;0
source/tests/googletest/googletest/include/gtest/internal/gtest-filepath.h;1;0;0;1;0.6213592233;0;0;1;;1;0;0;2;0;0;0;0;0;0;8;0;0;;0;206;128;0;1;0;7;0;0;0;0;0;0;0;0;0;0;0;0;0;0;0;0;0;0;0;0;0;0;0;0;0;0;0;0;0;0;0;41;0;0;0;0;0;0
source/tests/googletest/googletest/include/gtest/internal/gtest-param-util-generated.h;171;0;0;77;0.0518849592;0;0;50;;12;0.8181818182;1;30;45;0;4;0;0;0;244;17;0;1;0;5146;267;0;163;1;1019;548;0.5377821394;1;0;0;0;0;0;0;0;0;0;0;0;0;0;0;0;0;0;0;0;0;0;0;0;0;0;0;0;0.5377821394;4262;127;0;0;0;0;1
source/tests/googletest/googletest/include/gtest/internal/gtest-linked_ptr.h;2;0;0;2;0.4115226337;0;0;2;;4;1;1;8;0;0;0;0;0;1;23;0;0;;0;243;100;0;9;1;48;6;0.125;1;0;0;0;0;0;0;0;0;0;0;0;0;0;0;0;0;0;0;0;0;0;0;0;0;0;0;0;0.125;86;9;1;0;0;0;0
source/tests/googletest/googletest/include/gtest/internal/gtest-internal.h;14;7;1;29;0.4038772213;0;0;5;;3;1;1;16;2;0;0;0;0;0;52;0;0;;0;1238;500;3;20;1;114;18;0.1578947368;1;0;0;0;0;0;0;0;0;0;0;0;0;0;0;0;0;0;0;0;0;0;0;0;0;0;0;0;0.1578947368;385;32;1;0;0;0;0
source/tests/googletest/googletest/include/gtest/internal/gtest-death-test-internal.h;5;0;1;5;0.4169278997;0;0;4;;2;0.5;0;2;0;0;0;0;0;0;10;0;0;;0;319;133;0;2;0;7;0;0;0;0;0;0;0;0;0;0;0;0;0;0;0;0;0;0;0;0;0;0;0;0;0;0;0;0;0;0;0;66;0;0;0;0;0;0
source/tests/googletest/googletest/include/gtest/internal/custom/gtest.h;0;0;0;0;0.9024390244;0;0;;;;;;;0;0;0;0;0;0;0;0;0;;0;41;37;0;1;;0;0;0;0;0;0;0;0;0;0;0;0;0;0;0;0;0;0;0;0;0;0;0;0;0;0;0;0;0;0;0;0;0;0;0;0;0;0;0
source/tests/googletest/googletest/include/gtest/internal/custom/gtest-port.h;0;0;0;0;0.9420289855;0;0;;;;;;;0;0;0;0;0;0;0;0;0;;0;69;65;0;1;;0;0;0;0;0;0;0;0;0;0;0;0;0;0;0;0;0;0;0;0;0;0;0;0;0;0;0;0;0;0;0;0;0;0;0;0;0;0;0
source/tests/googletest/googletest/include/gtest/internal/custom/gtest-printers.h;0;0;0;0;0.9047619048;0;0;;;;;;;0;0;0;0;0;0;0;0;0;;0;42;38;0;1;;0;0;0;0;0;0;0;0;0;0;0;0;0;0;0;0;0;0;0;0;0;0;0;0;0;0;0;0;0;0;0;0;0;0;0;0;0;0;0
source/tests/googletest/googlemock/test/gmock-nice-strict_test.cc;1;0;0;4;0.2311320755;0;0;10;;3;1;0;10;2;0;0;0;0;0;33;0;0;;0;424;98;0;3;0;127;0;0;0;0;0;0;0;0;0;0;0;0;0;0;0;0;0;0;0;0;0;0;0;0;0;0;0;0;0;0;0;191;0;0;0;0;0;0
source/tests/googletest/googlemock/test/gmock_link2_test.cc;0;0;0;0;0.875;0;0;;;;;;;0;0;0;0;0;0;0;0;0;;0;40;35;0;1;;0;0;0;0;0;0;0;0;0;0;0;0;0;0;0;0;0;0;0;0;0;0;0;0;0;0;0;0;0;0;0;0;0;0;0;0;0;0;0
source/tests/googletest/googlemock/test/gmock_test.cc;0;0;0;0;0.1772727273;0;0;3;;2;0.3333333333;1;10;1;0;0;0;0;0;12;0;0;;0;220;39;0;3;1;75;35;0.4666666667;1;0;0;0;0;0;0;0;0;0;0;0;0;0;0;0;0;0;0;0;0;0;0;0;0;0;0;0;0.4666666667;91;1;0;0;0;0;0
source/tests/googletest/googlemock/test/gmock_ex_test.cc;0;0;0;2;0.5185185185;0;0;2;;1;0;1;8;0;0;0;0;0;0;2;0;0;;0;81;42;0;1;1;8;4;0.5;1;0;0;0;0;0;0;0;0;0;0;0;0;0;0;0;0;0;0;0;0;0;0;0;0;0;0;0;0.5;18;0;0;1;1;0;0
source/tests/googletest/googlemock/test/gmock_leak_test_.cc;0;0;0;2;0.45;0;0;2;;1;0;0;6;0;0;0;0;0;0;5;0;0;;0;100;45;0;1;0;13;0;0;0;0;0;0;0;0;0;0;0;0;0;0;0;0;0;0;0;0;0;0;0;0;0;0;0;0;0;0;0;28;0;0;0;0;0;0
source/tests/googletest/googlemock/test/gmock_all_test.cc;0;0;0;0;0.7450980392;0;0;;;;;;;0;0;0;0;0;0;0;0;0;;0;51;38;0;1;;0;0;0;0;0;0;0;0;0;0;0;0;0;0;0;0;0;0;0;0;0;0;0;0;0;0;0;0;0;0;0;0;0;0;0;0;0;0;0
source/tests/googletest/googlemock/test/gmock-generated-actions_test.cc;6;5;0;10;0.1539087948;0;0;11;;2;1;1;26;11;0;4;0;0;0;157;0;0;1;0;1228;189;0;7;1;528;4;0.0075757576;1;0;0;0;0;0;0;0;0;0;0;0;0;0;0;0;0;0;0;0;0;0;0;0;0;0;0;0;0.0075757576;747;5;0;0;0;0;0
source/tests/googletest/googlemock/test/gmock-generated-function-mockers_test.cc;1;0;0;10;0.1704180064;0;0;2;;1;0;1;17;2;0;0;0;0;0;40;0;0;;0;622;106;0;1;1;179;7;0.0391061453;1;0;0;0;0;0;0;0;0;0;0;0;0;0;0;0;0;0;0;0;0;0;0;0;0;0;0;0;0.0391061453;345;4;0;0;0;0;0
source/tests/googletest/googlemock/test/gmock-cardinalities_test.cc;0;0;0;2;0.1355140187;0;0;2;;1;0;1;19;8;0;0;0;0;0;31;0;0;;0;428;58;0;1;1;199;6;0.0301507538;1;0;0;0;0;0;0;0;0;0;0;0;0;0;0;0;0;0;0;0;0;0;0;0;0;0;0;0;0.0301507538;248;0;0;0;0;0;0
source/tests/googletest/googlemock/test/gmock-more-actions_test.cc;3;1;0;8;0.1483050847;0;0;10;;2;1;1;29;3;0;1;0;0;0;97;0;0;;0;708;105;0;2;1;296;4;0.0135135135;1;0;0;0;0;0;0;0;0;0;0;0;0;0;0;0;0;0;0;0;0;0;0;0;0;0;0;0;0.0135135135;429;0;0;0;0;0;0
source/tests/googletest/googlemock/test/gmock_test_utils.py;;;;0;;;;;;;;;;;;;;;;4;;0;;0;112;55;0;5;2;30;7;0.2333333333;1.2857142857;0;0;0;2;0.0666666667;2;0;0;0;0;0;0;0;0;0;0;0;0;0;0;0;0;0;0;0;0;0;0.3;30;;0;;;;0
source/tests/googletest/googlemock/test/gmock_stress_test.cc;5;2;0;6;0.248447205;0;0;2;;3;0.3333333333;2;25;6;0;2;0;0;0;17;0;0;;0;322;80;0;6;2;124;28;0.2258064516;1.0714285714;0;0;0;2;0.0161290323;2;0;0;0;0;0;0;0;0;0;0;0;0;0;0;0;0;0;0;0;0;0;0.2419354839;168;1;0;0;0;0;0
source/tests/googletest/googlemock/test/gmock-generated-matchers_test.cc;2;0;0;4;0.1080870918;0;0;12;;3;1;2;34;6;0;2;0;0;0;136;0;0;1;0;1286;139;0;16;2;577;45;0.0779896014;1.0444444444;0;0;0;2;0.0034662045;2;0;0;0;0;0;0;0;0;0;0;0;0;0;0;0;0;0;0;0;0;0;0.0814558059;764;5;0;0;0;0;0
source/tests/googletest/googlemock/test/gmock-matchers_test.cc;23;5;1;46;0.111898017;0;0;3;;8;1;2;51;58;0;5;0;1;0;513;1;0;;0;5648;632;3;40;2;2653;161;0.0606860158;1.0869565217;0;0;0;14;0.0052770449;2;0;0;0;0;0;0;0;0;0;0;0;0;0;0;0;0;0;0;0;0;0;0.0659630607;3473;18;0;0;0;0;0
source/tests/googletest/googlemock/test/gmock-internal-utils_test.cc;1;0;0;5;0.2117310443;0;0;3;;3;0.1818181818;1;20;9;0;1;0;0;0;64;0;0;;0;699;148;0;4;1;293;13;0.0443686007;1;0;0;0;0;0;0;0;0;0;0;0;0;0;0;0;0;0;0;0;0;0;0;0;0;0;0;0;0.0443686007;373;0;0;0;0;0;0
source/tests/googletest/googlemock/test/gmock-generated-internal-utils_test.cc;0;0;0;0;0.4094488189;0;0;2;;1;0;0;17;2;0;0;0;0;0;8;0;0;;0;127;52;0;1;0;50;0;0;0;0;0;0;0;0;0;0;0;0;0;0;0;0;0;0;0;0;0;0;0;0;0;0;0;0;0;0;0;65;0;0;0;0;0;0
source/tests/googletest/googlemock/test/gmock_output_test_.cc;1;0;0;2;0.2577319588;0;0;2;;1;0;1;11;2;0;0;0;0;0;25;0;0;;0;291;75;0;1;1;116;4;0.0344827586;1;0;0;0;0;0;0;0;0;0;0;0;0;0;0;0;0;0;0;0;0;0;0;0;0;0;0;0;0.0344827586;159;0;0;0;0;0;0
source/tests/googletest/googlemock/test/gmock_output_test.py;;;;1;;;;;;;;;;;;;;;;11;;0;;0;180;65;0;3;2;58;7;0.1206896552;1.7142857143;0;0;0;5;0.0862068966;2;0;0;0;0;0;0;0;0;0;0;0;0;0;0;0;0;0;0;0;0;0;0.2068965517;58;;0;;;;0
source/tests/googletest/googlemock/test/gmock_link_test.h;1;1;0;4;0.2600896861;0;0;3;;2;1;0;8;0;0;0;0;0;0;59;0;0;1;0;669;174;0;2;0;174;0;0;0;0;0;0;0;0;0;0;0;0;0;0;0;0;0;0;0;0;0;0;0;0;0;0;0;0;0;0;0;315;0;0;0;0;0;0
source/tests/googletest/googlemock/test/gmock_link_test.cc;0;0;0;0;0.875;0;0;;;;;;;0;0;0;0;0;0;0;0;0;;0;40;35;0;1;;0;0;0;0;0;0;0;0;0;0;0;0;0;0;0;0;0;0;0;0;0;0;0;0;0;0;0;0;0;0;0;0;0;0;0;0;0;0;0
source/tests/googletest/googlemock/test/gmock-actions_test.cc;5;2;0;18;0.2048192771;0;0;2;;2;1;1;19;23;0;0;0;0;0;115;0;0;;0;1411;289;2;3;1;577;12;0.020797227;1;0;0;0;0;0;0;0;0;0;0;0;0;0;0;0;0;0;0;0;0;0;0;0;0;0;0;0;0.020797227;760;2;0;0;0;0;0
source/tests/googletest/googlemock/test/gmock_leak_test.py;;;;1;;;;;;;;;;;;;;;;5;;0;;0;108;35;0;2;1;49;1;0.0204081633;1;0;0;0;0;0;0;0;0;0;0;0;0;0;0;0;0;0;0;0;0;0;0;0;0;0;0;0;0.0204081633;49;;0;;;;0
source/tests/googletest/googlemock/test/gmock-port_test.cc;0;0;0;0;0.8372093023;0;0;2;;1;0;0;0;0;0;0;0;0;0;1;0;0;;0;43;36;0;1;0;0;0;0;0;0;0;0;0;0;0;0;0;0;0;0;0;0;0;0;0;0;0;0;0;0;0;0;0;0;0;0;0;1;0;0;0;0;0;0
source/tests/googletest/googlemock/test/gmock-spec-builders_test.cc;4;1;0;19;0.1584720121;0;0;4;;3;0.1666666667;2;39;49;0;7;0;0;0;157;0;0;;0;2644;419;0;4;2;1203;206;0.1712385702;1.0145631068;0;0;0;3;0.0024937656;2;0;0;0;0;0;0;0;0;0;0;0;0;0;0;0;0;0;0;0;0;0;0.1737323358;1482;0;1;0;0;0;0
source/tests/googletest/googlemock/src/gmock-cardinalities.cc;0;0;0;1;0.3076923077;0;0;2;;6;1;2;13;2;0;0;0;0;0;13;1;0;;0;156;48;0;15;2;47;25;0.5319148936;1.12;0;0;0;3;0.0638297872;2;0;0;0;0;0;0;0;0;0;0;0;0;0;0;0;0;0;0;0;0;0;0.5957446809;66;0;0;0;0;0;0
source/tests/googletest/googlemock/src/gmock_main.cc;0;0;0;0;0.7407407407;0;0;2;;1;0;0;3;0;0;0;0;0;0;1;0;0;;0;54;40;0;1;0;3;0;0;0;0;0;0;0;0;0;0;0;0;0;0;0;0;0;0;0;0;0;0;0;0;0;0;0;0;0;0;0;5;0;0;0;0;0;0
source/tests/googletest/googlemock/src/gmock-all.cc;0;0;0;0;0.829787234;0;0;;;;;;;0;0;0;0;0;0;0;0;0;;0;47;39;0;1;;0;0;0;0;0;0;0;0;0;0;0;0;0;0;0;0;0;0;0;0;0;0;0;0;0;0;0;0;0;0;0;0;0;0;0;0;0;0;0
source/tests/googletest/googlemock/src/gmock.cc;0;0;0;0;0.4918032787;0;0;3;;7;0.75;3;12;1;0;0;0;0;0;6;1;0;;0;183;90;0;16;3;31;10;0.3225806452;1.5;0;0;0;4;0.1290322581;2.25;1;0.0322580645;3;0;0;0;0;0;0;0;0;0;0;0;0;0;0;0;0;0;0;0.4838709677;47;2;1;0;0;0;0
source/tests/googletest/googlemock/src/gmock-internal-utils.cc;0;0;0;1;0.4482758621;0;0;4;;9;0.7272727273;2;17;2;0;0;0;0;0;5;0;0;;0;174;78;0;20;2;45;20;0.4444444444;1.2;0;0;0;4;0.0888888889;2;0;0;0;0;0;0;0;0;0;0;0;0;0;0;0;0;0;0;0;0;0;0.5333333333;58;0;0;0;0;0;0
source/tests/googletest/googlemock/src/gmock-matchers.cc;2;0;0;1;0.3714859438;0;0;3;31;10;0.5;3;31;8;0;1;0;0;0;24;1;0;;0;498;185;0;42;3;155;98;0.6322580645;1.5306122449;0;0;0;40;0.2580645161;2.3;12;0.0774193548;3;0;0;0;0;0;0;0;0;0;0;0;0;0;0;0;0;0;0;0.9677419355;203;0;0;0;0;0;0
source/tests/googletest/googlemock/src/gmock-spec-builders.cc;8;7;0;2;0.2794653706;0;0;4;;16;0.4444444444;3;53;7;0;4;0;1;0;43;1;0;;0;823;230;0;72;3;282;146;0.5177304965;1.2397260274;0;0;0;33;0.1170212766;2.0606060606;2;0.0070921986;3;0;0;0;0;0;0;0;0;0;0;0;0;0;0;0;0;0;0;0.6418439716;395;0;2;0;0;0;0
source/tests/googletest/googlemock/scripts/fuse_gmock_files.py;;;;0;;;;;;;;;;;;;;;;8;;0;;0;240;73;0;15;5;91;39;0.4285714286;2.641025641;0;0;0;28;0.3076923077;3.2857142857;20;0.2197802198;3.8;12;0.1318681319;4.3333333333;4;0.043956044;5;0;0;0;0;0;0;0;0;0;0;0;0;1.1318681319;91;;0;;;;0
source/tests/googletest/googlemock/scripts/upload_gmock.py;;;;0;;;;;;;;;;;;;;;;1;;0;;0;78;35;0;8;3;25;11;0.44;1.7272727273;0;0;0;7;0.28;2.1428571429;1;0.04;3;0;0;0;0;0;0;0;0;0;0;0;0;0;0;0;0;0;0;0.76;25;;0;;;;0
source/tests/googletest/googlemock/scripts/gmock_doctor.py;;;;0;;;;;;;;;;;;;;;;17;;0;;0;640;73;0;18;3;214;34;0.1588785047;1.5;0;0;0;14;0.0654205607;2.2142857143;3;0.0140186916;3;0;0;0;0;0;0;0;0;0;0;0;0;0;0;0;0;0;0;0.238317757;214;;0;;;;0
source/tests/googletest/googlemock/scripts/upload.py;;;;7;;;;;;;;;;;;;;;;49;;1;;0;1387;292;2;219;5;922;495;0.5368763557;1.7131313131;0;0;0;241;0.2613882863;2.4647302905;90;0.0976138829;3.2444444444;17;0.0184381779;4.2941176471;5;0.0054229935;5;0;0;0;0;0;0;0;0;0;0;0;0;0.9197396963;922;;2;;;;20
source/tests/googletest/googlemock/scripts/generator/gmock_gen.py;;;;0;;;;;;;;;;;;;;;;0;;0;;0;31;17;0;2;1;8;4;0.5;1;0;0;0;0;0;0;0;0;0;0;0;0;0;0;0;0;0;0;0;0;0;0;0;0;0;0;0;0.5;8;;0;;;;0
source/tests/googletest/googlemock/scripts/generator/cpp/gmock_class_test.py;;;;3;;;;;;;;;;;;;;;;31;;0;;0;448;33;0;3;1;142;1;0.0070422535;1;0;0;0;0;0;0;0;0;0;0;0;0;0;0;0;0;0;0;0;0;0;0;0;0;0;0;0;0.0070422535;142;;0;;;;0
source/tests/googletest/googlemock/scripts/generator/cpp/utils.py;;;;0;;;;;;;;;;;;;;;;1;;0;;0;41;18;0;2;2;14;8;0.5714285714;1.375;0;0;0;3;0.2142857143;2;0;0;0;0;0;0;0;0;0;0;0;0;0;0;0;0;0;0;0;0;0;0.7857142857;14;;0;;;;0
source/tests/googletest/googlemock/scripts/generator/cpp/gmock_class.py;;;;0;;;;;;;;;;;;;;;;3;;0;;0;227;56;0;43;6;134;94;0.7014925373;2.3936170213;0;0;0;68;0.5074626866;2.9264705882;42;0.3134328358;3.5;17;0.1268656716;4.2352941177;3;0.0223880597;5.3333333333;1;0.0074626866;6;0;0;0;0;0;0;0;0;0;1.6791044776;134;;3;;;;0
source/tests/googletest/googlemock/scripts/generator/cpp/ast.py;;;;24;;;;;;;;;;;;;;;;155;;5;;0;1733;249;1;263;4;1223;567;0.4636140638;1.659611993;0;0;0;281;0.2297628782;2.3309608541;83;0.0678659035;3.1204819277;10;0.0081766149;4;0;0;0;0;0;0;0;0;0;0;0;0;0;0;0;0.7694194603;1223;;44;;;;3
source/tests/googletest/googlemock/scripts/generator/cpp/tokenize.py;;;;1;;;;;;;;;;;;;;;;6;;0;;0;287;75;0;69;6;181;132;0.729281768;2.2651515152;0;0;0;95;0.5248618785;2.7578947368;47;0.2596685083;3.5319148936;18;0.0994475138;4.3888888889;6;0.0331491713;5.1666666667;1;0.0055248619;6;0;0;0;0;0;0;0;0;0;1.6519337017;181;;1;;;;0
source/tests/googletest/googlemock/scripts/generator/cpp/__init__.py;;;;0;;;;;;;;;;;;;;;;0;;0;;0;0;0;0;1;0;0;0;0;0;0;0;0;0;0;0;0;0;0;0;0;0;0;0;0;0;0;0;0;0;0;0;0;0;0;0;0;0;0;;0;;;;0
source/tests/googletest/googlemock/scripts/generator/cpp/keywords.py;;;;0;;;;;;;;;;;;;;;;2;;0;;0;59;20;0;4;1;23;4;0.1739130435;1;0;0;0;0;0;0;0;0;0;0;0;0;0;0;0;0;0;0;0;0;0;0;0;0;0;0;0;0.1739130435;23;;0;;;;0
source/tests/googletest/googlemock/include/gmock/gmock-generated-function-mockers.h;0;0;0;22;0.1570776256;0;0;10;;1;0;1;3;0;0;0;0;0;0;44;0;0;1;0;1095;172;21;1;1;62;11;0.1774193548;1;0;0;0;0;0;0;0;0;0;0;0;0;0;0;0;0;0;0;0;0;0;0;0;0;0;0;0;0.1774193548;277;22;1;0;0;0;0
source/tests/googletest/googlemock/include/gmock/gmock-cardinalities.h;0;0;0;2;0.5102040816;0;0;1;;2;0.5;0;2;0;0;0;0;0;0;12;0;0;;0;147;75;0;2;0;10;0;0;0;0;0;0;0;0;0;0;0;0;0;0;0;0;0;0;0;0;0;0;0;0;0;0;0;0;0;0;0;34;0;0;0;0;0;0
source/tests/googletest/googlemock/include/gmock/gmock-matchers.h;20;0;0;112;0.2643782678;0;0;4;39;15;1;4;39;22;0;3;0;0;0;407;6;0;;1;4399;1163;38;122;4;874;177;0.2025171625;1.5762711864;0;0;0;71;0.0812356979;2.4366197183;24;0.0274599542;3.2916666667;7;0.0080091533;4;0;0;0;0;0;0;0;0;0;0;0;0;0;0;0;0.319221968;2176;219;4;0;0;0;0
source/tests/googletest/googlemock/include/gmock/gmock-more-actions.h;1;0;0;2;0.3902439024;0;0;3;;2;0.3333333333;1;4;0;0;0;0;0;0;17;0;0;1;0;246;96;0;2;1;24;1;0.0416666667;1;0;0;0;0;0;0;0;0;0;0;0;0;0;0;0;0;0;0;0;0;0;0;0;0;0;0;0;0.0416666667;81;9;0;0;0;0;0
source/tests/googletest/googlemock/include/gmock/gmock-spec-builders.h;30;1;0;18;0.3519220357;0;0;5;;7;1;2;25;6;0;1;0;0;20;109;2;0;;0;1847;650;26;42;2;305;70;0.2295081967;1.1428571429;0;0;0;10;0.0327868852;2;0;0;0;0;0;0;0;0;0;0;0;0;0;0;0;0;0;0;0;0;0;0.262295082;778;13;4;0;0;0;0
source/tests/googletest/googlemock/include/gmock/gmock-generated-nice-strict.h;0;0;0;3;0.2166246851;0;0;10;;1;0;0;2;0;0;0;0;0;0;36;0;0;1;0;397;86;0;1;0;72;0;0;0;0;0;0;0;0;0;0;0;0;0;0;0;0;0;0;0;0;0;0;0;0;0;0;0;0;0;0;0;220;33;0;0;0;0;0
source/tests/googletest/googlemock/include/gmock/gmock-generated-matchers.h;2;3;0;33;0.1376778339;0;0;10;;4;0.3333333333;1;13;8;0;0;0;0;0;70;0;0;1;0;2179;300;15;5;1;280;6;0.0214285714;1;0;0;0;0;0;0;0;0;0;0;0;0;0;0;0;0;0;0;0;0;0;0;0;0;0;0;0;0.0214285714;850;84;0;0;0;0;0
source/tests/googletest/googlemock/include/gmock/gmock-actions.h;16;1;2;38;0.332780083;0;0;2;;2;1;0;5;0;0;0;0;0;1;102;0;0;;0;1205;401;27;5;0;111;0;0;0;0;0;0;0;0;0;0;0;0;0;0;0;0;0;0;0;0;0;0;0;0;0;0;0;0;0;0;0;505;65;0;0;0;0;0
source/tests/googletest/googlemock/include/gmock/gmock.h;0;0;0;0;0.7127659574;0;0;;;;;;;0;0;0;0;0;0;0;0;0;;0;94;67;2;1;;0;0;0;0;0;0;0;0;0;0;0;0;0;0;0;0;0;0;0;0;0;0;0;0;0;0;0;0;0;0;0;0;5;0;0;0;0;0;0
source/tests/googletest/googlemock/include/gmock/gmock-more-matchers.h;0;0;0;0;0.6896551724;0;0;2;;2;0.25;1;4;0;0;0;0;0;0;1;0;0;1;0;58;40;0;3;1;4;1;0.25;1;0;0;0;0;0;0;0;0;0;0;0;0;0;0;0;0;0;0;0;0;0;0;0;0;0;0;0;0.25;6;0;0;0;0;0;0
source/tests/googletest/googlemock/include/gmock/gmock-generated-actions.h;1;1;0;27;0.1350441733;0;0;12;;1;0;0;4;0;0;0;0;0;0;100;0;0;1;0;2377;321;11;1;0;201;0;0;0;0;0;0;0;0;0;0;0;0;0;0;0;0;0;0;0;0;0;0;0;0;0;0;0;0;0;0;0;690;88;0;0;0;0;0
source/tests/googletest/googlemock/include/gmock/internal/gmock-generated-internal-utils.h;2;2;0;23;0.2258064516;0;0;1;;1;0;0;0;0;0;0;0;0;0;1;0;0;1;0;279;63;0;1;0;0;0;0;0;0;0;0;0;0;0;0;0;0;0;0;0;0;0;0;0;0;0;0;0;0;0;0;0;0;0;0;0;156;23;0;0;0;0;0
source/tests/googletest/googlemock/include/gmock/internal/gmock-internal-utils.h;0;0;0;31;0.4520547945;0;0;4;;2;0.3333333333;1;4;0;0;0;0;0;0;15;0;0;;0;511;231;2;7;1;25;4;0.16;1;0;0;0;0;0;0;0;0;0;0;0;0;0;0;0;0;0;0;0;0;0;0;0;0;0;0;0;0.16;168;33;1;0;0;0;0
source/tests/googletest/googlemock/include/gmock/internal/gmock-port.h;0;0;0;0;0.6153846154;0;0;;;;;;;0;0;0;0;0;0;0;0;0;;0;91;56;0;1;;0;0;0;0;0;0;0;0;0;0;0;0;0;0;0;0;0;0;0;0;0;0;0;0;0;0;0;0;0;0;0;0;0;0;0;0;0;0;0
source/tests/googletest/googlemock/include/gmock/internal/custom/gmock-matchers.h;0;0;0;0;0.9230769231;0;0;;;;;;;0;0;0;0;0;0;0;0;0;;0;39;36;0;1;;0;0;0;0;0;0;0;0;0;0;0;0;0;0;0;0;0;0;0;0;0;0;0;0;0;0;0;0;0;0;0;0;0;0;0;0;0;0;0
source/tests/googletest/googlemock/include/gmock/internal/custom/gmock-port.h;0;0;0;0;0.9130434783;0;0;;;;;;;0;0;0;0;0;0;0;0;0;;0;46;42;0;1;;0;0;0;0;0;0;0;0;0;0;0;0;0;0;0;0;0;0;0;0;0;0;0;0;0;0;0;0;0;0;0;0;0;0;0;0;0;0;0
source/tests/googletest/googlemock/include/gmock/internal/custom/gmock-generated-actions.h;0;0;0;0;0.5;0;0;;;;;;;0;0;0;0;0;0;0;0;0;1;0;8;4;0;1;;0;0;0;0;0;0;0;0;0;0;0;0;0;0;0;0;0;0;0;0;0;0;0;0;0;0;0;0;0;0;0;0;0;0;0;0;0;0;0
source/tests/cpplocate-test/main.cpp;0;0;0;0;0;0;0;2;;1;0;0;2;0;0;0;0;0;0;1;0;0;;0;8;0;0;1;0;2;0;0;0;0;0;0;0;0;0;0;0;0;0;0;0;0;0;0;0;0;0;0;0;0;0;0;0;0;0;0;0;3;0;0;0;0;0;0
source/tests/cpplocate-test/utils_test.cpp;1;1;0;1;0;0;0;2;;1;0;0;6;0;0;0;0;0;0;5;0;0;;0;56;0;0;1;0;15;0;0;0;0;0;0;0;0;0;0;0;0;0;0;0;0;0;0;0;0;0;0;0;0;0;0;0;0;0;0;0;23;0;0;0;0;0;0
